[
  {
    "id": "5cc04d16-b896-485d-a4a9-a95cb9be2912",
    "data": [
      {
        "text": "ID",
        "alias": "userInfo",
        "meta": "@userInfo",
        "userDefined": false
      }
    ],
    "isTemplate": false,
    "count": 0,
    "updated": 1523663813
  },
  {
    "id": "f1cbc553-70d2-49c1-a400-ad7f65a00004",
    "data": [
      {
        "text": "how many ",
        "userDefined": false
      },
      {
        "text": "vacation days",
        "alias": "userInfo",
        "meta": "@userInfo",
        "userDefined": false
      }
    ],
    "isTemplate": false,
    "count": 0,
    "updated": 1523663813
  },
  {
    "id": "831418f9-85de-4bde-9d30-36c00939b26a",
    "data": [
      {
        "text": "what is my ",
        "userDefined": false
      },
      {
        "text": "email",
        "alias": "userInfo",
        "meta": "@userInfo",
        "userDefined": false
      }
    ],
    "isTemplate": false,
    "count": 0,
    "updated": 1523663813
  },
  {
    "id": "fc95d9d0-54b6-42ff-a777-121ce83e0ea4",
    "data": [
      {
        "text": "what\u0027s my ",
        "userDefined": false
      },
      {
        "text": "paid time off",
        "alias": "userInfo",
        "meta": "@userInfo",
        "userDefined": false
      },
      {
        "text": "?",
        "userDefined": false
      }
    ],
    "isTemplate": false,
    "count": 0,
    "updated": 1523663813
  },
  {
    "id": "7255bae1-42eb-43ed-8778-6e4dcaf2a02f",
    "data": [
      {
        "text": "email",
        "alias": "userInfo",
        "meta": "@userInfo",
        "userDefined": false
      }
    ],
    "isTemplate": false,
    "count": 0,
    "updated": 1523663813
  },
  {
    "id": "71eaeaaf-17ef-4584-bd71-0ba3d3484c4c",
    "data": [
      {
        "text": "what is my ",
        "userDefined": false
      },
      {
        "text": "ID",
        "alias": "userInfo",
        "meta": "@userInfo",
        "userDefined": false
      }
    ],
    "isTemplate": false,
    "count": 0,
    "updated": 1523663813
  },
  {
    "id": "78314328-e8d1-4341-b36c-c9a285dfb9b4",
    "data": [
      {
        "text": "boss",
        "alias": "userInfo",
        "meta": "@userInfo",
        "userDefined": false
      }
    ],
    "isTemplate": false,
    "count": 0,
    "updated": 1523663813
  },
  {
    "id": "6ceb396a-9951-44f4-b487-499c455f4657",
    "data": [
      {
        "text": "how much ",
        "userDefined": false
      },
      {
        "text": "PTO",
        "alias": "userInfo",
        "meta": "@userInfo",
        "userDefined": false
      },
      {
        "text": " do I have",
        "userDefined": false
      }
    ],
    "isTemplate": false,
    "count": 0,
    "updated": 1523663813
  },
  {
    "id": "d287d1c7-433e-4f15-bc3b-06e33c116c56",
    "data": [
      {
        "text": "who is my ",
        "userDefined": false
      },
      {
        "text": "boss",
        "alias": "userInfo",
        "meta": "@userInfo",
        "userDefined": false
      }
    ],
    "isTemplate": false,
    "count": 0,
    "updated": 1523663813
  }
]