[
  {
    "value": "pto",
    "synonyms": [
      "pto",
      "paid time off",
      "vacation time",
      "vacation days"
    ]
  },
  {
    "value": "peopleID",
    "synonyms": [
      "ID",
      "identification",
      "id",
      "number",
      "id number"
    ]
  },
  {
    "value": "emailaddress",
    "synonyms": [
      "email address",
      "email"
    ]
  },
  {
    "value": "supervisorID",
    "synonyms": [
      "supervisorID",
      "boss"
    ]
  },
  {
    "value": "location",
    "synonyms": [
      "location",
      "where am",
      "place"
    ]
  },
  {
    "value": "Name",
    "synonyms": [
      "Name"
    ]
  }
]